email,first_name,last_name,contact_id
cecilia.velasco@rodrigues.fr,Cecilia,Velasco,4661
mariana.ellis@rossi.org,Mariana,Ellis,3765
sofie.woods@riviere.com,Sofie,Woods,4187
jeanette.iannotti@yahoo.com,Jeanette,Iannotti,4941
samuel.sorgatz@gmail.com,Samuel,Sorgatz,2199
socorro.luna@hotmail.com,Socorro,Luna,5650
carolina.murray@knight.com,Carolina,Murray,5889
kayla.moon@yahoo.de,Kayla,Moon,4842
ariadna.geisel@rangel.com,Ariadna,Geisel,3280
danielle.ladeck@scalfaro.net,Danielle,Ladeck,5468
tatiana.thompson@hunt.net,Tatiana,Thompson,3064
caleb.benavides@rubio.com,Caleb,Benavides,4904
sandra.hardy@web.de,Sandra,Hardy,1299
lotti.morris@yahoo.co.uk,Lotti,Morris,5602
reinhilde.white@voila.fr,Reinhilde,White,5753
kerry.patel@hutchinson.com,Kerry,Patel,4495
sophie.antoine@andersen.com,Sophie,Antoine,4269
martha.girard@web.de,Martha,Girard,2226
stephanie.king@cervantes.com,Stephanie,King,1558
amanda.palmer@didier.fr,Amanda,Palmer,2307
lina.alcala@vespa.net,Lina,Alcala,2900
itzel.murphy@muelichen.de,Itzel,Murphy,5695
filippo.parry@live.com,Filippo,Parry,5708
katelyn.cole@fiebig.com,Katelyn,Cole,1663
brian.novak@ford.net,Brian,Novak,3605
cilly.gay@callegaro.it,Cilly,Gay,4678
yolanda.snyder@gmx.de,Yolanda,Snyder,2251
evelin.odonnell@ibarra.net,Evelin,Odonnell,6202
ingeborg.alba@hotmail.com,Ingeborg,Alba,3715
marina.madrid@galarza-alba.com,Marina,Madrid,4242
sheila.goodwin@yahoo.com,Sheila,Goodwin,4326
valeria.rich@turchetta-mondadori.it,Valeria,Rich,5560
dustin.camacho@rhodes.org.au,Dustin,Camacho,4002
amalia.marenzio@grupo.com,Amalia,Marenzio,3813
gian.long@hotmail.com,Gian,Long,5336
stewart.hunt@anderson-vargas.biz,Stewart,Hunt,4994
greca.ruiz@carr.co.uk,Greca,Ruiz,1471
gerald.olivera@outlook.com,Gerald,Olivera,4482
jaqueline.wallace@gmail.com,Jaqueline,Wallace,3241
john.lane@gregoire.fr,John,Lane,3477
pero.joly@bernard.net,Pero,Joly,2265
chad.turner@gmail.com,Chad,Turner,5911
adam.zavala@guichard.fr,Adam,Zavala,2288
tyler.rivera@guajardo-ozuna.com,Tyler,Rivera,4064
jens.graham@jones-buckley.com,Jens,Graham,1294
virginia.caetani@sosa.biz,Virginia,Caetani,5008
martino.wagner@laposte.net,Martino,Wagner,3604
martin.meyer@davis.co.uk,Martin,Meyer,3263
marguerite.walls@martinez.fr,Marguerite,Walls,5631
peter.vogt@yahoo.com,Peter,Vogt,2851
nicholas.christian@hotmail.de,Nicholas,Christian,3714
susi.steinberg@preiss.com,Susi,Steinberg,1664
tammy.ramazzotti@gmail.com,Tammy,Ramazzotti,5027
abdul.thomas@vasari.com,Abdul,Thomas,3070
justin.luxardo@googlemail.com,Justin,Luxardo,4248
antonio.gibson@faust.net,Antonio,Gibson,2034
jeremy.gomez@oconnor.org,Jeremy,Gomez,4085
raymond.solorzano@gmail.com,Raymond,Solorzano,3569
flora.harris@hotmail.com.au,Flora,Harris,3889
cheryl.boyd@segni.it,Cheryl,Boyd,3136
rhys.leiva@gmx.de,Rhys,Leiva,2103
mariano.prieto@vodafone.it,Mariano,Prieto,2329
laurie.fibonacci@gmail.com,Laurie,Fibonacci,3325
david.rudolph@nelson.com,David,Rudolph,3131
bryan.ross@yahoo.com,Bryan,Ross,4995
ubaldo.brown@philippe.com,Ubaldo,Brown,3631
clelia.faulkner@hotmail.com,Clelia,Faulkner,5373
sara.erickson@yahoo.de,Sara,Erickson,3126
rupert.valle@filogamo.it,Rupert,Valle,2194
puccio.kitzmann@yahoo.com,Puccio,Kitzmann,2906
thomas.hutchinson@gmx.de,Thomas,Hutchinson,2611
abelardo.castro@gmail.com,Abelardo,Castro,2374
greco.walker@yahoo.com,Greco,Walker,3254
miranda.lacombe@longoria-vanegas.net,Miranda,Lacombe,3571
diana.schuchhardt@libero.it,Diana,Schuchhardt,2812
stacey.knox@corporacin.com,Stacey,Knox,3961
glen.faivre@yahoo.com,Glen,Faivre,3872
andrew.torres@ruiz-torres.org,Andrew,Torres,4736
denny.fritz@despacho.biz,Denny,Fritz,5119
martyn.caldera@hotmail.co.uk,Martyn,Caldera,5725
abigail.foster@taylor.net,Abigail,Foster,4037
anthony.hauffer@tlustek.org,Anthony,Hauffer,2109
roger.gerlach@may-mitchell.co.uk,Roger,Gerlach,3283
christopher.poirier@hotmail.com,Christopher,Poirier,6181
branka.traore@jacobi.com,Branka,Traore,3251
briana.etienne@bishop-coates.com,Briana,Etienne,3443
brandon.olson@prince-moreno.net,Brandon,Olson,2988
celia.ungaretti@fox.com,Celia,Ungaretti,1673
barbara.guibert@casares-sanches.com,Barbara,Guibert,2085
daniela.bell@vollbrecht.org,Daniela,Bell,1672
phyllis.gurule@rodriguez-pham.com,Phyllis,Gurule,4426
alejandra.joseph@escalante-abrego.biz,Alejandra,Joseph,3211
giulio.bohlander@dbmail.com,Giulio,Bohlander,3190
amber.weller@toso.eu,Amber,Weller,2081
mary.etzold@conrad-harrison.com,Mary,Etzold,3185
amy.georges@raedel.de,Amy,Georges,5044
jennifer.giraud@yahoo.com,Jennifer,Giraud,1883
rosie.peltier@voila.fr,Rosie,Peltier,2067
oreste.ward@proyectos.com,Oreste,Ward,4604
luis.edwards@live.com,Luis,Edwards,3203
fiona.griffiths@curatoli-verdone.it,Fiona,Griffiths,5758
sally.raya@tarchetti.it,Sally,Raya,5755
carolyn.charpentier@hotmail.de,Carolyn,Charpentier,5150
nathalie.alvarez@live.com,Nathalie,Alvarez,4181
abril.lowery@novak.net,Abril,Lowery,3006
ottone.sullivan@hussain-kaur.com,Ottone,Sullivan,4865
esmeralda.sollima@visintini.it,Esmeralda,Sollima,2862
silvia.gierschner@tele2.it,Silvia,Gierschner,6070
kyle.cunningham@voila.fr,Kyle,Cunningham,5300
anel.carpentier@klein-joseph.org,Anel,Carpentier,3486
sarah.davis@david.com,Sarah,Davis,5989
luke.klein@hotmail.com,Luke,Klein,2849
gudrun.mueller@dillon-fuller.info,Gudrun,Mueller,1612
melissa.canali@libero.it,Melissa,Canali,3307
gabrielle.ayala@hotmail.com,Gabrielle,Ayala,5288
laura.buckley@ryan.org,Laura,Buckley,6026
wilfrido.lorch@leclerc.fr,Wilfrido,Lorch,2212
robert.bruder@manzoni.com,Robert,Bruder,4591
phillip.soliz@outlook.com,Phillip,Soliz,2771
alex.smith@fournier.fr,Alex,Smith,5682
jessica.martinez@salieri.com,Jessica,Martinez,5368
kelly.carter@hotmail.com.au,Kelly,Carter,3706
ahmad.sosa@gmail.com,Ahmad,Sosa,4034
toralf.iglesias@borrego.com,Toralf,Iglesias,3209
irene.anichini@yahoo.com,Irene,Anichini,2384
alicia.cainero@yahoo.com,Alicia,Cainero,3074
tracey.laboy@bell.biz,Tracey,Laboy,2031
donald.reynaud@green.edu.au,Donald,Reynaud,5873
venancio.stadelmann@gmx.de,Venancio,Stadelmann,5501
seth.olivier@yahoo.com,Seth,Olivier,3489
dennis.boaga@gmx.de,Dennis,Boaga,4210
pedro.wilson@outlook.com,Pedro,Wilson,6151
roland.weihmann@gmail.com,Roland,Weihmann,6047
hector.morrison@web.de,Hector,Morrison,5445
evangelos.peters@sanchez.net,Evangelos,Peters,5493
gerardo.hamilton@libero.it,Gerardo,Hamilton,6036
meta.cuzzocrea@howard-jensen.org,Meta,Cuzzocrea,2368
alma.raymond@tin.it,Alma,Raymond,1501
kathleen.solimena@wallace.biz,Kathleen,Solimena,4351
zacharie.cordier@gmail.com,Zacharie,Cordier,3096
riza.techer@yahoo.com,Riza,Techer,6162
enrique.guillen@hotmail.co.uk,Enrique,Guillen,1433
tristan.weeks@pena.com,Tristan,Weeks,2720
natalie.lerma@boucher.com,Natalie,Lerma,5251
rodney.hamon@hotmail.com,Rodney,Hamon,1797
adalberto.lombardo@sfr.fr,Adalberto,Lombardo,1656
florencia.querini@gmail.com,Florencia,Querini,1346
liam.rolland@yahoo.fr,Liam,Rolland,2989
ian.kelly@reeves.com.au,Ian,Kelly,5629
mehdi.todd@web.de,Mehdi,Todd,3456
rembrandt.liguori@davis.org,Rembrandt,Liguori,3229
irmi.schweitzer@ozuna.com,Irmi,Schweitzer,2277
gioffre.stein@hotmail.com.au,Gioffre,Stein,1276
frida.villarreal@hotmail.de,Frida,Villarreal,3694
steffen.mangold@paul.net,Steffen,Mangold,2260
elias.marin@herve.net,Elias,Marin,5374
roman.gonzalez@anderson.net,Roman,Gonzalez,4420
reina.middleton@hotmail.com,Reina,Middleton,3849
sandro.moran@hotmail.de,Sandro,Moran,1638
gebhard.thanel@gmail.com,Gebhard,Thanel,5230
antonino.bolander@gmail.com,Antonino,Bolander,1763
karl.trevisani@anguissola.it,Karl,Trevisani,4323
silvester.brookes@franco.org,Silvester,Brookes,5256
octavio.pratt@web.de,Octavio,Pratt,4836
rebecca.greer@hotmail.com,Rebecca,Greer,5981
pierina.gaggini@free.fr,Pierina,Gaggini,1463
robin.schleich@rogers-barrera.biz,Robin,Schleich,4577
sergio.abbott@moore.net.au,Sergio,Abbott,4951
gilberto.evans@salcedo-archuleta.net,Gilberto,Evans,3567
james.elliott@gmail.com,James,Elliott,5475
timoteo.bolnbach@laboratorios.com,Timoteo,Bolnbach,2114
tonino.stanley@hotmail.com,Tonino,Stanley,5216
margaretha.murialdo@meunier.com,Margaretha,Murialdo,1665
bianca.drubin@libero.it,Bianca,Drubin,6051
kaylee.hoffmann@poulain.com,Kaylee,Hoffmann,3983
teresa.vecellio@yahoo.com,Teresa,Vecellio,2966
emine.tacchini@dbmail.com,Emine,Tacchini,4478
dawn.cortez@gmail.com,Dawn,Cortez,4238
emily.cundari@clark.com.au,Emily,Cundari,4404
eleanor.hall@hotmail.com,Eleanor,Hall,5666
monique.delgadillo@hotmail.co.uk,Monique,Delgadillo,3691
arnaude.warner@gmail.com,Arnaude,Warner,2703
jason.howell@gmx.de,Jason,Howell,4253
nicole.mccullough@hall.com,Nicole,Mccullough,5652
rosmarie.esquibel@bouygtel.fr,Rosmarie,Esquibel,3279
leonor.ferreira@gmail.com,Leonor,Ferreira,3233
brett.jones@alice.it,Brett,Jones,3017
nino.bien@gmail.com,Nino,Bien,3482
jemma.tate@hotmail.de,Jemma,Tate,2166
denis.rogers@poste.it,Denis,Rogers,4146
vanesa.khan@voila.fr,Vanesa,Khan,2651
victoria.ojeda@doehn.com,Victoria,Ojeda,1409
eugenio.martin@yahoo.de,Eugenio,Martin,3717
nancy.hayes@hotmail.com,Nancy,Hayes,3963
lara.jacob@buckley.org,Lara,Jacob,2152
gino.hernandez@covarrubias.com,Gino,Hernandez,2974
vicente.tijerina@montanariello.com,Vicente,Tijerina,1268
michele.brambilla@yahoo.com,Michele,Brambilla,1822
dana.ritacca@gmail.com,Dana,Ritacca,5066
mitchell.bachmann@suarez-cruz.com,Mitchell,Bachmann,5075
vincenza.key@adams.com,Vincenza,Key,3855
salvador.gaillard@yahoo.de,Salvador,Gaillard,5923
diane.rogner@kelly.co.uk,Diane,Rogner,1867
josette.laine@saracino-parisi.net,Josette,Laine,4376
courtney.fiebig@doerschner.com,Courtney,Fiebig,2785
hugues.oliver@stiffel.com,Hugues,Oliver,5884
espartaco.willis@hotmail.com,Espartaco,Willis,2441
flavia.yoder@hotmail.de,Flavia,Yoder,1243
casey.flores@baggio.org,Casey,Flores,3411
calogero.cross@mercantini.it,Calogero,Cross,2467
charles.begum@laboratorios.info,Charles,Begum,1850
adina.pollard@outlook.com,Adina,Pollard,2604
natasha.lara@outlook.com,Natasha,Lara,1693
benita.pottier@sfr.fr,Benita,Pottier,2969
elizabeth.valdivia@gmail.com,Elizabeth,Valdivia,1544
mattia.huet@aol.de,Mattia,Huet,4149
geza.howard@voila.fr,Geza,Howard,3463
lauren.guillaume@sorgatz.org,Lauren,Guillaume,2939
joanna.baxter@bruce-wright.com,Joanna,Baxter,2202
tracy.metz@bryant.info,Tracy,Metz,1728
birgit.pena@armellini.it,Birgit,Pena,5362
elvira.papafava@ifrance.com,Elvira,Papafava,4840
ernest.delorme@dowerg.de,Ernest,Delorme,2955
christy.grossi@alarcon-tafoya.com,Christy,Grossi,5354
hermelinda.olmos@portillo.com,Hermelinda,Olmos,3847
herbert.fraser@holloway.org.au,Herbert,Fraser,3025
giancarlo.heydrich@hotmail.com,Giancarlo,Heydrich,1615
constance.maldonado@spiess.net,Constance,Maldonado,5154
giampiero.carlier@hotmail.com,Giampiero,Carlier,5005
carlo.jacquot@hotmail.com,Carlo,Jacquot,1349
gabriel.robles@yahoo.com,Gabriel,Robles,3670
gerd.gunpf@gmail.com,Gerd,Gunpf,2912
ashley.hellwig@libero.it,Ashley,Hellwig,4336
patrick.rosas@yahoo.com,Patrick,Rosas,5576
lilla.leonard@jungfer.com,Lilla,Leonard,2736
tony.nicolas@morrocco-seddio.net,Tony,Nicolas,3321
allegra.benedetti@miller.com,Allegra,Benedetti,3353
camille.tafuri@aol.de,Camille,Tafuri,2336
juan.wheeler@gilmore.net,Juan,Wheeler,4369
leopoldo.johnson@hotmail.com.au,Leopoldo,Johnson,4464
dietmar.grenier@tele2.it,Dietmar,Grenier,5626
leonid.scholl@collin.com,Leonid,Scholl,1669
olivie.contarini@marshall-wright.biz,Olivie,Contarini,5544
jeffery.lacroix@medina.org,Jeffery,Lacroix,6078
edeltraud.chavez@hotmail.com.au,Edeltraud,Chavez,2580
mesut.morvan@gmail.com,Mesut,Morvan,3592
gregory.jackson@ortiz.com,Gregory,Jackson,4914
nicola.rossi@berry.org,Nicola,Rossi,3848
eddie.collazo@gmail.com,Eddie,Collazo,2619
philippe.gardner@howells-jones.net,Philippe,Gardner,4605
roy.fox@tejeda.com,Roy,Fox,6147
heiderose.garcia@noos.fr,Heiderose,Garcia,1383
claudine.rowley@industrias.com,Claudine,Rowley,1757
astrid.roht@fastwebnet.it,Astrid,Roht,4390
auguste.burnett@yahoo.fr,Auguste,Burnett,4165
pellegrino.allen@gmail.com,Pellegrino,Allen,4529
angela.bowers@laboratorios.com,Angela,Bowers,6084
michael.descamps@gmail.com,Michael,Descamps,2916
heidelore.kennedy@guinizzelli.org,Heidelore,Kennedy,2005
lucrezia.koch@petit.com,Lucrezia,Koch,2261
ivan.accardo@web.de,Ivan,Accardo,5342
karen.avogadro@yahoo.com,Karen,Avogadro,4087
laetitia.gallet@aubry.org,Laetitia,Gallet,2761
amico.gosselin@shaw.info,Amico,Gosselin,2908
ilaria.bowen@hotmail.it,Ilaria,Bowen,2155
marlen.coardi@colletti.eu,Marlen,Coardi,5642
rafael.alexander@jenkins.com,Rafael,Alexander,6217
herma.gabbana@hotmail.com,Herma,Gabbana,4222
zachary.vespucci@industrias.com,Zachary,Vespucci,4798
marisol.richard@gmail.com,Marisol,Richard,5660
joseph.glover@laposte.net,Joseph,Glover,5000
lauretta.neal@hotmail.de,Lauretta,Neal,2809
simone.sauvage@yahoo.com,Simone,Sauvage,3349
ramona.brooks@kensy.de,Ramona,Brooks,3647
gioele.schwital@moody.com,Gioele,Schwital,5745
elena.jimenez@yahoo.com.au,Elena,Jimenez,2583
pam.vargas@guillot.net,Pam,Vargas,5441
alison.morales@lewis.com,Alison,Morales,2090
marc.aumann@holland.com,Marc,Aumann,3386
carla.butler@yahoo.com,Carla,Butler,1816
dionigi.bruce@industrias.com,Dionigi,Bruce,4718
frank.henry@yahoo.com,Frank,Henry,1677
brent.pons@proyectos.net,Brent,Pons,4218
patricia.liebelt@baca.org,Patricia,Liebelt,4548
micheletto.sykes@thompson-thompson.com,Micheletto,Sykes,1431
rose.blanc@grupo.com,Rose,Blanc,2830
vincent.singh@gmail.com,Vincent,Singh,4400
jamie.peacock@interiano-nordio.com,Jamie,Peacock,5773
giorgia.dijoux@paul.com,Giorgia,Dijoux,4161
serena.piacentini@yahoo.de,Serena,Piacentini,2062
dimitri.posada@gmail.com,Dimitri,Posada,3458
alexa.barillaro@ramos.net,Alexa,Barillaro,3174
megan.kuhl@despacho.com,Megan,Kuhl,5565
kaitlyn.farinelli@outlook.com,Kaitlyn,Farinelli,1906
jonathan.castellitto@libero.it,Jonathan,Castellitto,5479
lisa.terragni@proyectos.com,Lisa,Terragni,4320
olivier.petrucelli@letta-raurica.eu,Olivier,Petrucelli,4213
jos.trobbiani@samson.com,Jos,Trobbiani,3373
mirjam.dawson@yahoo.com,Mirjam,Dawson,4184
javier.tessier@mclaughlin.biz,Javier,Tessier,5472
mirjana.collins@hotmail.com,Mirjana,Collins,5559
vanessa.tschentscher@mitchell.com,Vanessa,Tschentscher,5419
antonina.cobb@gibson.org,Antonina,Cobb,4171
bernard.durand@royer.com,Bernard,Durand,1302
corey.greggio@johnson.org.au,Corey,Greggio,3520
rodolfo.couturier@tim.it,Rodolfo,Couturier,6010
pierre.cardenas@luzi-bonomo.eu,Pierre,Cardenas,4617
romeo.surian@batista.com,Romeo,Surian,1417
ivo.moreno@hotmail.com,Ivo,Moreno,4770
federico.marie@jourdan.fr,Federico,Marie,4328
maggie.boito@yahoo.com,Maggie,Boito,5171
brianna.hanson@stanley.com,Brianna,Hanson,4394
heiko.bourgeois@togliatti.com,Heiko,Bourgeois,1794
benito.gritti@gmail.com,Benito,Gritti,3510
mitzy.junk@zaragoza.com,Mitzy,Junk,2487
samantha.lowe@praga.it,Samantha,Lowe,2215
ernesto.nerger@middleton.co.uk,Ernesto,Nerger,4136
melinda.canova@orange.fr,Melinda,Canova,3723
mohammad.hartung@hotmail.com,Mohammad,Hartung,5842
ben.maillot@ramos.net,Ben,Maillot,3289
isabel.pruschke@gmail.com,Isabel,Pruschke,1249
linda.franceschi@richards.net,Linda,Franceschi,5409
olivia.striebitz@gmail.com,Olivia,Striebitz,2951
penny.watson@matthews.net,Penny,Watson,3432
manfred.james@davies.org,Manfred,James,2297
hazel.pierce@outlook.com,Hazel,Pierce,6161
alf.bates@dunn.com,Alf,Bates,4603
scott.gough@industrias.com,Scott,Gough,5818
konrad.briones@fierro.com,Konrad,Briones,4270
mathilde.kruschwitz@yahoo.com,Mathilde,Kruschwitz,6007
irma.gemito@googlemail.com,Irma,Gemito,4084
antoine.guyon@yahoo.com,Antoine,Guyon,1340
william.gibilisco@gaillard.com,William,Gibilisco,5675
judith.butte@fischer-vaughn.info,Judith,Butte,2010
joanne.henderson@gmail.com,Joanne,Henderson,6201
ludovica.arellano@morandi-argento.com,Ludovica,Arellano,1791
catherine.gray@hotmail.com,Catherine,Gray,3314
franco.fioravanti@barry-gill.com.au,Franco,Fioravanti,5852
heather.zimmer@bluemel.de,Heather,Zimmer,4618
hortense.taylor@chambers.biz,Hortense,Taylor,2618
livia.ernst@colas.fr,Livia,Ernst,4967
toby.etzler@industrias.com,Toby,Etzler,4594
ennio.leoncavallo@sanchez.org,Ennio,Leoncavallo,2080
philippine.vaca@hotmail.com,Philippine,Vaca,2793
rhonda.phillips@yahoo.com,Rhonda,Phillips,4890
alphonse.nitto@voila.fr,Alphonse,Nitto,3528
karina.arreola@yahoo.com.au,Karina,Arreola,5810
denise.wood@mantegna.com,Denise,Wood,5720
burghard.rosenow@hotmail.com,Burghard,Rosenow,4593
friedl.powell@laposte.net,Friedl,Powell,3186
benjamin.schultz@rivero-davila.com,Benjamin,Schultz,5136
rachel.ulibarri@schueler.com,Rachel,Ulibarri,2646
silvano.blanchet@yahoo.com,Silvano,Blanchet,3460
kurt.sauer@almanza.biz,Kurt,Sauer,4345
nayeli.gehringer@hotmail.com,Nayeli,Gehringer,2690
imelda.guerin@stumpf.net,Imelda,Guerin,4025
zbigniew.holmes@stiffel.net,Zbigniew,Holmes,4524
adela.alfonsi@despacho.com,Adela,Alfonsi,3978
hilary.clark@libero.it,Hilary,Clark,3910
kornelius.molina@heuser.com,Kornelius,Molina,5825
christian.anderson@tim.it,Christian,Anderson,3564
francisco.dorsey@tiscali.fr,Francisco,Dorsey,2396
walli.albert@dussen.com,Walli,Albert,2140
siegrun.mota@matthews-montoya.org.au,Siegrun,Mota,3079
alberico.herve@beer.net,Alberico,Herve,2017
serafina.bonnin@mendes.com,Serafina,Bonnin,5444
marcelle.bender@edwards-robinson.info,Marcelle,Bender,2216
hartmuth.robertson@thomas.edu.au,Hartmuth,Robertson,1241
herlinde.george@free.fr,Herlinde,George,1484
pamela.payne@yahoo.com,Pamela,Payne,3475
gastone.beyer@stewart-sanchez.edu,Gastone,Beyer,4333
lydia.berengario@aol.de,Lydia,Berengario,5657
lucy.davidson@tele2.it,Lucy,Davidson,2527
franck.wade@gute.org,Franck,Wade,5967
heidi.barker@gmail.com,Heidi,Barker,5698
arnaldo.ocasio@hotmail.com,Arnaldo,Ocasio,3331
francis.bernier@rodriguez.com,Francis,Bernier,3841
johanne.strong@yahoo.de,Johanne,Strong,6105
debra.langlois@schmiedecke.com,Debra,Langlois,3895
reingard.kambs@sagese.eu,Reingard,Kambs,1891
mauro.ortiz@oquendo.net,Mauro,Ortiz,1281
griselda.carranza@krause.de,Griselda,Carranza,4186
janet.madrigal@gmail.com,Janet,Madrigal,2511
jenna.day@reed.com,Jenna,Day,4272
modesto.wright@pareto.com,Modesto,Wright,3533
alice.wall@zaccardo.it,Alice,Wall,3618
brenda.sontag@solari.com,Brenda,Sontag,2177
sergius.mace@palazzo.com,Sergius,Mace,4102
antonia.kline@gmail.com,Antonia,Kline,6089
maurice.gumprich@griffin.net.au,Maurice,Gumprich,4701
daniel.anders@yahoo.com,Daniel,Anders,5645
zaira.cattaneo@yahoo.com,Zaira,Cattaneo,4499
alessio.bruneau@hotmail.co.uk,Alessio,Bruneau,3365
gerdi.guerrero@tele2.fr,Gerdi,Guerrero,2290
brigitte.stiebitz@gmail.com,Brigitte,Stiebitz,1890
june.sinisi@manzoni-giannini.it,June,Sinisi,1304
carl.macias@yahoo.com,Carl,Macias,3799
veronica.trapp@tiscali.it,Veronica,Trapp,2749
frances.garnier@aporti-guidotti.org,Frances,Garnier,2028
terri.iannelli@hotmail.com,Terri,Iannelli,2383
odette.moore@hall.edu,Odette,Moore,5721
mercedes.trujillo@aol.de,Mercedes,Trujillo,1394
babette.dumas@brady.net,Babette,Dumas,3451
jerry.santiago@soprano-ferragni.it,Jerry,Santiago,5512
ronald.simpson@ovadia.net,Ronald,Simpson,2453
emmanuel.dominguez@gmail.com,Emmanuel,Dominguez,6055
christiane.ricciardi@zavala.com,Christiane,Ricciardi,5704
ingolf.zamora@yahoo.com.au,Ingolf,Zamora,3707
rita.sharp@beard-scott.edu.au,Rita,Sharp,2205
geraldine.cabrera@green-smith.info,Geraldine,Cabrera,5976
chantal.armas@jenkins.net,Chantal,Armas,3290
louis.gilbert@gmail.com,Louis,Gilbert,4257
michelle.collier@peruzzi.it,Michelle,Collier,4588
guillermina.nicholson@grondin.fr,Guillermina,Nicholson,4785
bertrand.hopkins@gmail.com,Bertrand,Hopkins,3033
alonso.palomo@gehringer.de,Alonso,Palomo,2779
tina.rodriguez@web.de,Tina,Rodriguez,2131
eva.francis@parker.org,Eva,Francis,6229
ottavio.rust@crespi.com,Ottavio,Rust,3429
amelia.olvera@hotmail.com,Amelia,Olvera,1613
paul.palladio@mclaughlin.net.au,Paul,Palladio,4734
bernardo.wieloch@budig.com,Bernardo,Wieloch,4439
umberto.hicks@hill.com,Umberto,Hicks,1441
janko.bishop@tim.it,Janko,Bishop,5799
jessika.meunier@gmx.de,Jessika,Meunier,1419
isaac.benard@googlemail.com,Isaac,Benard,3059
alexandrie.lambert@yahoo.com,Alexandrie,Lambert,3224
roberto.guyot@bennett.com,Roberto,Guyot,3181
giulietta.lucas@club.com,Giulietta,Lucas,6061
damaris.pininfarina@gmail.com,Damaris,Pininfarina,4466
fabrizia.renard@higgins-marks.com,Fabrizia,Renard,6081
camillo.dehmel@brown-campbell.com,Camillo,Dehmel,2159
ruggero.parpinel@gmail.com,Ruggero,Parpinel,3324
stephen.pratesi@hotmail.com,Stephen,Pratesi,3176
ludger.naccari@ingram.biz,Ludger,Naccari,5874
meryem.tapia@yahoo.com,Meryem,Tapia,5110
jasmine.juvara@yahoo.com.au,Jasmine,Juvara,5490
victoire.travaglia@zacchia.com,Victoire,Travaglia,1922
adrian.noel@perrin.com,Adrian,Noel,4398
marvin.howe@gmail.com,Marvin,Howe,4754
hanne.kidd@yahoo.com,Hanne,Kidd,3309
donatello.millet@fritsch.net,Donatello,Millet,1244
eloisa.pascarella@gmail.com,Eloisa,Pascarella,2892
erica.zambrano@gmail.com,Erica,Zambrano,2777
paula.canales@gilmore-guerrero.com,Paula,Canales,4952
claudia.bernard@mazzanti.it,Claudia,Bernard,5144
paulina.miller@lewis-barker.com,Paulina,Miller,5487
kathrin.godfrey@tele2.fr,Kathrin,Godfrey,1932
pina.passalacqua@yahoo.co.uk,Pina,Passalacqua,3364
julien.miles@stevens-rose.com,Julien,Miles,5165
suzanne.benigni@mennea-morlacchi.com,Suzanne,Benigni,3858
annalisa.pugh@hotmail.fr,Annalisa,Pugh,4666
mathew.maestas@casas-garrido.com,Mathew,Maestas,2896
laszlo.vallee@verdier.com,Laszlo,Vallee,4520
helen.polanco@hotmail.com,Helen,Polanco,5726
mateo.sorrentino@calderon.com,Mateo,Sorrentino,5661
eric.barnes@barrett-winter.com,Eric,Barnes,4765
dragica.west@yahoo.com.au,Dragica,West,3710
antje.voisin@gmail.com,Antje,Voisin,4925
stanley.mills@parker-lee.biz,Stanley,Mills,1533
brandy.meraz@yahoo.com,Brandy,Meraz,5264
conor.reinhardt@yahoo.com.au,Conor,Reinhardt,4606
gabino.blot@lewis-russell.org,Gabino,Blot,2043
alvaro.lemus@yahoo.com,Alvaro,Lemus,3871
patrizia.wilms@dbmail.com,Patrizia,Wilms,6205
metin.coulon@ashley.com,Metin,Coulon,3193
reece.valencia@laboy-palomo.com,Reece,Valencia,1810
troy.schmiedecke@picard.com,Troy,Schmiedecke,4797
wendy.bustos@libero.it,Wendy,Bustos,1487
guglielmo.caldwell@loeffler.com,Guglielmo,Caldwell,3474
travis.cowan@turner.info,Travis,Cowan,5771
brandi.abbagnale@tele2.fr,Brandi,Abbagnale,6074
hanno.gollum@smith.com,Hanno,Gollum,1568
jutta.burke@elliott.com,Jutta,Burke,4263
dorothe.paz@fiebig.de,Dorothe,Paz,5850
desiree.huerta@morris.com,Desiree,Huerta,5619
ilse.bray@venturi.it,Ilse,Bray,1904
pierpaolo.scaduto@sanders-gibson.com.au,Pierpaolo,Scaduto,5388
amedeo.bradford@yahoo.com,Amedeo,Bradford,2150
julia.ali@yahoo.com,Julia,Ali,2653
catalina.pizzetti@tim.it,Catalina,Pizzetti,2687
dylan.porzio@yahoo.de,Dylan,Porzio,3779
iris.trincavelli@tiscali.fr,Iris,Trincavelli,1494
johnathan.guidotti@cox-sanchez.net,Johnathan,Guidotti,4129
walburga.vollbrecht@aol.de,Walburga,Vollbrecht,3035
kendra.david@allan-morton.com,Kendra,David,2069
aleksandr.weiss@blanc.org,Aleksandr,Weiss,5469
cornelio.guardado@gmail.com,Cornelio,Guardado,3903
ferdi.blackburn@christensen.net,Ferdi,Blackburn,4083
bill.gallagher@green.com,Bill,Gallagher,4003
leonard.harvey@hotmail.com,Leonard,Harvey,3565
milan.montenegro@langern.com,Milan,Montenegro,1640
philip.perez@hotmail.co.uk,Philip,Perez,4769
kathryn.hentschel@shaw.com,Kathryn,Hentschel,3398
xavier.samson@baggio.it,Xavier,Samson,1865
hartwig.roberts@saraceno.net,Hartwig,Roberts,5690
kimberly.chan@gmail.com,Kimberly,Chan,3814
lorraine.crawford@gmail.com,Lorraine,Crawford,2942
maximiliano.knowles@gmail.com,Maximiliano,Knowles,5095
gabriella.avila@gmail.com,Gabriella,Avila,2878
rico.mortati@faivre.fr,Rico,Mortati,3697
gail.petrocelli@yahoo.com,Gail,Petrocelli,4744
liberto.niemeier@germano-dibiasi.it,Liberto,Niemeier,2104
luciana.petitjean@patterson-cole.biz,Luciana,Petitjean,4883
ron.cavazos@yahoo.com,Ron,Cavazos,4807
aldo.cibin@gmx.de,Aldo,Cibin,1372
alexandre.serrano@yahoo.co.uk,Alexandre,Serrano,3666
lori.fagotto@hill-anderson.com,Lori,Fagotto,2066
perla.figueroa@live.com,Perla,Figueroa,1834
reginald.hughes@gmail.com,Reginald,Hughes,5853
uriel.holt@gmail.com,Uriel,Holt,2219
stefano.lemonnier@binner.com,Stefano,Lemonnier,4148
madeleine.cooper@poste.it,Madeleine,Cooper,4477
alban.barbier@ortiz.org,Alban,Barbier,1786
alfonso.finetti@quiroz.com,Alfonso,Finetti,3455
ryan.kim@noos.fr,Ryan,Kim,5707
augustin.wohlgemut@watson.info,Augustin,Wohlgemut,5470
rolando.bibi@tin.it,Rolando,Bibi,3274
berthold.randall@mcdonald.com,Berthold,Randall,4613
genaro.briand@sfr.fr,Genaro,Briand,4465
rudolf.jenkins@hotmail.com,Rudolf,Jenkins,1652
pauline.ackermann@arredondo-roque.com,Pauline,Ackermann,2100
folker.swanson@rodrigues.fr,Folker,Swanson,4321
ashleigh.montez@perry-schneider.com,Ashleigh,Montez,4168
liliana.barber@libero.it,Liliana,Barber,3733
caridad.carr@huhn.com,Caridad,Carr,2594
lolita.borrego@gmail.com,Lolita,Borrego,3909
gunar.patrick@leroy.com,Gunar,Patrick,5179
leokadia.verdier@hotmail.com.au,Leokadia,Verdier,2228
hanna.reid@salas.org,Hanna,Reid,6222
edelgard.kreusel@hotmail.com,Edelgard,Kreusel,2354
svenja.perrin@berger.com,Svenja,Perrin,1725
pierluigi.taccola@gmx.de,Pierluigi,Taccola,2960
cilli.watts@yahoo.com,Cilli,Watts,2077
emiliano.wells@gmx.de,Emiliano,Wells,5662
april.davids@fisher.info,April,Davids,3481
dolores.didier@yahoo.com.au,Dolores,Didier,2565
sylvia.bonomo@poulain.com,Sylvia,Bonomo,4436
nelly.marsh@hotmail.it,Nelly,Marsh,5072
beth.miniati@hudson.net,Beth,Miniati,5200
renee.merino@gmail.com,Renee,Merino,4502
hailey.russell@jourdan.org,Hailey,Russell,4945
raphaela.gotthard@outlook.com,Raphaela,Gotthard,3012
pomponio.comencini@hotmail.co.uk,Pomponio,Comencini,6094
leone.richardson@yahoo.com,Leone,Richardson,3815
valentine.acosta@peters.net,Valentine,Acosta,4838
ricciotti.laureano@parsons.com,Ricciotti,Laureano,3469
jacques.heidrich@zamudio-chapa.com,Jacques,Heidrich,4874
anne.snow@gmail.com,Anne,Snow,1792
sonia.volta@gmx.de,Sonia,Volta,4356
dale.leblanc@stewart.com,Dale,Leblanc,6196
alejandro.cruz@hotmail.com,Alejandro,Cruz,3578
elsa.cugia@yahoo.com,Elsa,Cugia,4491
geronimo.pechel@hotmail.com,Geronimo,Pechel,3054
melania.klemm@seidel.com,Melania,Klemm,1968
katherine.cooley@yahoo.com,Katherine,Cooley,5869
guillermo.larsen@yahoo.com,Guillermo,Larsen,5858
jill.barrios@gmail.com,Jill,Barrios,5203
austin.musatti@tin.it,Austin,Musatti,2577
jacinto.rose@yahoo.com,Jacinto,Rose,3216
lucie.redi@googlemail.com,Lucie,Redi,2037
tania.chapman@remy.com,Tania,Chapman,3867
alexandria.best@yahoo.co.uk,Alexandria,Best,5109
edward.scott@yahoo.com,Edward,Scott,1376
jake.wiley@outlook.com,Jake,Wiley,5260
claudio.reuter@morgan-collins.org.au,Claudio,Reuter,2350
laure.traetta@kay-perkins.co.uk,Laure,Traetta,2269
magarete.valentin@yahoo.com,Magarete,Valentin,3650
paige.hill@jones.org.au,Paige,Hill,3934
fulvio.curiel@reynolds.com,Fulvio,Curiel,4048
thibaut.camarillo@hotmail.com,Thibaut,Camarillo,4266
romana.blanchard@googlemail.com,Romana,Blanchard,3863
thibault.savorgnan@butler.biz,Thibault,Savorgnan,4922
alexander.pausini@gonzalez.info,Alexander,Pausini,4517
pierangelo.scholtz@lefevre.com,Pierangelo,Scholtz,3259
emmanuelle.keller@morton-clarke.com,Emmanuelle,Keller,3123
isabella.deleon@web.de,Isabella,Deleon,3870
timothy.weitzel@gmail.com,Timothy,Weitzel,2996
alfredo.ingram@hotmail.com,Alfredo,Ingram,2993
francesca.kade@luna-rael.org,Francesca,Kade,4556
tonia.coleman@hotmail.com,Tonia,Coleman,2326
gottfried.barbe@hotmail.com,Gottfried,Barbe,4109
jeffrey.trommler@yahoo.com,Jeffrey,Trommler,5739
giacobbe.owens@huet.fr,Giacobbe,Owens,5887
conchita.pagliaro@googlemail.com,Conchita,Pagliaro,1651
kevin.delahaye@ellis-wilson.com,Kevin,Delahaye,1628
rouven.ovadia@gmail.com,Rouven,Ovadia,2642
piermaria.laporte@wesack.com,Piermaria,Laporte,6020
karolin.johann@hotmail.com,Karolin,Johann,4747
steven.folliero@noos.fr,Steven,Folliero,5534
livio.rosselli@green.co.uk,Livio,Rosselli,4790
gaetano.leonardi@despacho.com,Gaetano,Leonardi,4632
cynthia.robinson@gilles.net,Cynthia,Robinson,1952
eleni.aponte@club-internet.fr,Eleni,Aponte,4388
noelia.romo@yahoo.com,Noelia,Romo,5529
evelyn.haynes@clark.info,Evelyn,Haynes,1316
katharine.zaccagnini@hotmail.com,Katharine,Zaccagnini,1670
lea.merle@stey.de,Lea,Merle,4909
marta.huynh@hernandez.info,Marta,Huynh,3401
amador.riley@hotmail.com,Amador,Riley,4619
julie.coles@hotmail.fr,Julie,Coles,4722
beverley.telesio@regnier.fr,Beverley,Telesio,2188
corinne.mitschke@hauffer.net,Corinne,Mitschke,5497
valerie.ortega@tele2.it,Valerie,Ortega,5711
carlos.delle@hicks.com,Carlos,Delle,4076
christina.besnard@delorme.com,Christina,Besnard,1847
rosario.jacques@yahoo.com,Rosario,Jacques,2816
celal.fischer@aol.de,Celal,Fischer,5019
leonardo.guzman@andreozzi-abba.com,Leonardo,Guzman,4869
clinton.mason@yahoo.com,Clinton,Mason,3613
loretta.mallet@sansoni-toscani.it,Loretta,Mallet,3069
lorenzo.roero@hotmail.co.uk,Lorenzo,Roero,2601
lando.gutierrez@heser.com,Lando,Gutierrez,2133
elaine.patterson@rose-morris.org,Elaine,Patterson,3164
marcella.govoni@barkholz.net,Marcella,Govoni,3897
ettore.amaldi@germain.com,Ettore,Amaldi,5663
rufino.gallegos@webster-newton.co.uk,Rufino,Gallegos,3879
georges.richards@macdonald.com,Georges,Richards,5900
janice.infantino@hotmail.com,Janice,Infantino,2272
svetlana.montanariello@putz.de,Svetlana,Montanariello,5436
agnolo.cedillo@laboratorios.biz,Agnolo,Cedillo,3676
hannah.jockel@ceravolo-tonisto.eu,Hannah,Jockel,4676
yvonne.stout@sims.edu,Yvonne,Stout,1563
anouk.pace@gmail.com,Anouk,Pace,4349
esteban.valdez@hotmail.com,Esteban,Valdez,1658
angelina.davies@hotmail.com,Angelina,Davies,2552
anastasie.cadena@live.com,Anastasie,Cadena,4847
hansjoachim.lettiere@hall-mcdaniel.net,Hansjoachim,Lettiere,1553
yeni.tejada@olson.edu.au,Yeni,Tejada,2632
dulce.adinolfi@hotmail.com,Dulce,Adinolfi,1908
sean.mielcarek@gmail.com,Sean,Mielcarek,5801
omar.fonseca@grupo.org,Omar,Fonseca,1935
henry.gucci@leleu.fr,Henry,Gucci,2609
samira.bottaro@vasseur.fr,Samira,Bottaro,2740
korinna.arnold@zapata-saenz.biz,Korinna,Arnold,1907
marcela.ferrante@gmx.de,Marcela,Ferrante,1831
douglas.amaya@favata-brenna.net,Douglas,Amaya,5177
katherina.barrientos@trobbiani.eu,Katherina,Barrientos,6179
brittany.tran@tele2.it,Brittany,Tran,2917
caroline.reeves@yahoo.com,Caroline,Reeves,1486
joe.michaud@yahoo.fr,Joe,Michaud,3735
marco.vittadello@gmail.com,Marco,Vittadello,3838
kim.webb@yahoo.com.au,Kim,Webb,2430
eugenia.zichichi@yahoo.com,Eugenia,Zichichi,2480
aurore.rosemann@leoncavallo-rusticucci.com,Aurore,Rosemann,3431
giustino.luzi@rolland.fr,Giustino,Luzi,1742
anita.galindo@gmail.com,Anita,Galindo,4628
gunhild.carrillo@elliott-gilbert.org,Gunhild,Carrillo,2385
rosa.paul@bien.com,Rosa,Paul,2213
marliese.oneal@gmail.com,Marliese,Oneal,5188
bethany.hartmann@yahoo.com,Bethany,Hartmann,3418
irina.martineau@gmail.com,Irina,Martineau,5637
beatriz.moulin@pinto.com,Beatriz,Moulin,3530
lucas.austin@gmail.com,Lucas,Austin,3731
carole.nohlmans@yahoo.com,Carole,Nohlmans,3219
bozena.schmitt@vallet.com,Bozena,Schmitt,2392
aimee.foconi@outlook.com,Aimee,Foconi,5103
marzena.carrero@roskoth.de,Marzena,Carrero,3992
raisa.poulain@fastwebnet.it,Raisa,Poulain,2442
marcantonio.bennett@hopkins.com.au,Marcantonio,Bennett,2913
kenneth.hurst@meunier.net,Kenneth,Hurst,1631
marisela.mende@godoy-enriquez.com,Marisela,Mende,4073
blanka.villareal@monduzzi.net,Blanka,Villareal,4568
tomislav.stoppani@corporacin.org,Tomislav,Stoppani,1830
krystal.ammaniti@barbier.fr,Krystal,Ammaniti,2623
deanna.aporti@bouygtel.fr,Deanna,Aporti,4327
donatella.burns@yahoo.de,Donatella,Burns,3713
margrit.hooper@douglas.com,Margrit,Hooper,2389
baccio.marcacci@laposte.net,Baccio,Marcacci,5141
alfio.roman@hotmail.co.uk,Alfio,Roman,3522
soledad.soto@hotmail.de,Soledad,Soto,1334
josh.cimarosa@hotmail.com,Josh,Cimarosa,4721
nath.rico@yahoo.com,Nath,Rico,3768
gary.armani@web.de,Gary,Armani,1639
miriam.oquendo@smith-watson.biz,Miriam,Oquendo,5149
monica.mohaupt@live.com,Monica,Mohaupt,2153
alec.ho@parra-esparza.com,Alec,Ho,2767
harry.fouquet@ibarra-cooper.com,Harry,Fouquet,5124
arcelia.babati@orange.fr,Arcelia,Babati,2097
trinidad.vespa@gmail.com,Trinidad,Vespa,4796
colette.ryan@hotmail.com,Colette,Ryan,5849
richard.andre@porras.org,Richard,Andre,1495
ellinor.leclercq@gmail.com,Ellinor,Leclercq,2462
patricio.guillon@web.de,Patricio,Guillon,2280
kirsten.chindamo@carrillo-wall.com,Kirsten,Chindamo,1877
leo.petruzzi@yahoo.com,Leo,Petruzzi,6108
margot.tomaselli@junck.org,Margot,Tomaselli,4427
ansaldo.marks@patel-odonnell.com,Ansaldo,Marks,2881
regina.morin@barcaccia.net,Regina,Morin,2339
karla.medici@yahoo.com,Karla,Medici,5156
morgan.irizarry@williams-harris.biz,Morgan,Irizarry,4750
natividad.wong@hoevel.com,Natividad,Wong,4852
anna.freeman@snyder.net,Anna,Freeman,5734
emilia.vivaldi@garnier.fr,Emilia,Vivaldi,3801
gerda.cook@tin.it,Gerda,Cook,4474
andrey.faure@frederick-mitchell.info,Andrey,Faure,1992
charlotte.duke@ochoa.org,Charlotte,Duke,5796
cindy.castillo@virgilio.it,Cindy,Castillo,1373
hiltrud.thibault@barbe.com,Hiltrud,Thibault,1879
kasimir.jaime@gmail.com,Kasimir,Jaime,3072
sabine.lachmann@phillips.org,Sabine,Lachmann,4561
andrea.arroyo@yahoo.com.au,Andrea,Arroyo,5201
matthew.velasquez@gmail.com,Matthew,Velasquez,5871
severino.linares@angeli.com,Severino,Linares,3041
swantje.lomeli@gmx.de,Swantje,Lomeli,5864
marcus.espino@comolli.eu,Marcus,Espino,3999
allen.gates@gmail.com,Allen,Gates,4849
mauricio.saunders@hotmail.co.uk,Mauricio,Saunders,5461
gilbert.cornejo@hotmail.com,Gilbert,Cornejo,5946
letizia.gulotta@howard.biz,Letizia,Gulotta,4508
etta.gutknecht@leconte.net,Etta,Gutknecht,5096
shelley.perry@gierschner.de,Shelley,Perry,5443
geoffrey.williams@poste.it,Geoffrey,Williams,2165
cory.stewart@voila.fr,Cory,Stewart,2125
kristy.bartlett@outlook.com,Kristy,Bartlett,6141
gianluca.beck@green.biz,Gianluca,Beck,5245
guido.krein@gmail.com,Guido,Krein,2190
leif.monnier@querini.it,Leif,Monnier,2243
jonas.badoer@kennedy.biz,Jonas,Badoer,3336
devin.ebert@yahoo.fr,Devin,Ebert,3305
slobodan.camiscione@hotmail.com,Slobodan,Camiscione,6191
volkmar.gauthier@hotmail.com,Volkmar,Gauthier,1326
jordan.rowe@outlook.com,Jordan,Rowe,6159
manon.daugherty@segre.com,Manon,Daugherty,2003
estela.segovia@vodafone.it,Estela,Segovia,5881
giada.celentano@evans.net,Giada,Celentano,1918
clayton.salcedo@hotmail.co.uk,Clayton,Salcedo,2157
raven.pinto@hotmail.com,Raven,Pinto,3149
lewis.lewis@pisano.net,Lewis,Lewis,2444
rochus.rousseau@nguyen.com,Rochus,Rousseau,6207
belinda.gamez@leleu.com,Belinda,Gamez,5580
angelo.lozano@macias.com,Angelo,Lozano,5942
jorge.monti@clement.fr,Jorge,Monti,1592
ricky.harrell@martin.edu,Ricky,Harrell,2344
adriano.wulf@schmidtke.net,Adriano,Wulf,5995
pompeo.bourdon@gmail.com,Pompeo,Bourdon,5022
kristie.garrett@wernecke.com,Kristie,Garrett,5991
lodovico.conley@yahoo.com,Lodovico,Conley,4020
jean.berthelot@oscuro.it,Jean,Berthelot,6028
tadeusz.medina@jackson-clark.net,Tadeusz,Medina,2790
ruby.carriera@hotmail.it,Ruby,Carriera,4033
theres.antonioni@hotmail.com,Theres,Antonioni,1261
gloria.morton@outlook.com,Gloria,Morton,1979
graziano.jensen@gmail.com,Graziano,Jensen,2122
gianpaolo.massey@bouvier.com,Gianpaolo,Massey,4506
alain.farmer@hotmail.it,Alain,Farmer,3016
renato.murillo@club.com,Renato,Murillo,3272
edda.ferraris@libero.it,Edda,Ferraris,1375
luce.marty@waehner.org,Luce,Marty,4014
rotraud.mitchell@laboratorios.com,Rotraud,Mitchell,3199
israel.watkins@hotmail.com,Israel,Watkins,2184
nathan.jennings@kim.com,Nathan,Jennings,2170
gavin.proietti@gmx.de,Gavin,Proietti,1478
emma.rios@yahoo.com.au,Emma,Rios,6163
todd.douglas@web.de,Todd,Douglas,1889
oscar.holsten@yahoo.com,Oscar,Holsten,5912
ann.peron@grupo.biz,Ann,Peron,2537
senta.grassi@hotmail.com,Senta,Grassi,2118
kata.mena@gmail.com,Kata,Mena,3234
gianfranco.hethur@stewart-lee.com.au,Gianfranco,Hethur,3842
florentine.saraceno@gmail.com,Florentine,Saraceno,3032
giuliano.bolzmann@pacillo.it,Giuliano,Bolzmann,3238
alwine.kostolzin@holloway.com,Alwine,Kostolzin,2059
giacinto.briggs@yahoo.co.uk,Giacinto,Briggs,5238
holly.negrete@hotmail.com,Holly,Negrete,2578
mark.trapanese@gmail.com,Mark,Trapanese,4789
alyssa.brun@chittolini-spadafora.it,Alyssa,Brun,2357
cristina.chevalier@proyectos.com,Cristina,Chevalier,1235
shannon.lefevre@gmail.com,Shannon,Lefevre,3558
logan.hornich@tin.it,Logan,Hornich,1707
rosalia.toro@free.fr,Rosalia,Toro,2842
reiner.poerio@yahoo.com,Reiner,Poerio,5318
valentina.pages@hotmail.de,Valentina,Pages,1620
enrico.fabre@gmail.com,Enrico,Fabre,4998
sevim.begue@yahoo.com.au,Sevim,Begue,3111
sonja.patberg@hotmail.com,Sonja,Patberg,1424
christine.hiller@yahoo.com,Christine,Hiller,3244
maik.beasley@harper-brooks.biz,Maik,Beasley,4643
elliot.santana@gmx.de,Elliot,Santana,6132
eloy.renzi@gmail.com,Eloy,Renzi,3790
wolf.lutz@nichols-jackson.com.au,Wolf,Lutz,1312
giuseppe.lee@mahe.org,Giuseppe,Lee,5686
angelica.cuellar@zaguri-bellucci.net,Angelica,Cuellar,2111
bekir.normand@yahoo.de,Bekir,Normand,5685
carmine.gonzales@schleich.net,Carmine,Gonzales,1905
marianne.hubert@hotmail.com,Marianne,Hubert,3271
gonzalo.montes@hotmail.com,Gonzalo,Montes,4178
shelly.guichard@gmail.com,Shelly,Guichard,3275
tobias.carbajal@live.com,Tobias,Carbajal,5713
santiago.berry@aol.de,Santiago,Berry,3339
emilio.davenport@zamora-russo.net,Emilio,Davenport,5585
maurizio.gute@knight.info,Maurizio,Gute,4407
nadia.travaglio@colletti-broggini.com,Nadia,Travaglio,1941
elisa.barkholz@sfr.fr,Elisa,Barkholz,4690
cristal.mazzini@gmail.com,Cristal,Mazzini,3607
trevor.granados@gmail.com,Trevor,Granados,2670
matthieu.mcdonald@morrison.org,Matthieu,Mcdonald,5261
juliette.preston@gmail.com,Juliette,Preston,4121
stanislaw.montalvo@mcpherson-hughes.info,Stanislaw,Montalvo,4620
lilia.lollobrigida@le.com,Lilia,Lollobrigida,4630
brigitta.shaw@hotmail.co.uk,Brigitta,Shaw,3440
rebeca.frey@gerard.fr,Rebeca,Frey,3572
nicolas.palacios@meraz.com,Nicolas,Palacios,5306
susanna.bonneau@klingelhoefer.de,Susanna,Bonneau,5122
romina.valentine@hotmail.com,Romina,Valentine,1368
erika.toussaint@sfr.fr,Erika,Toussaint,5370
lothar.laurent@garcia.com.au,Lothar,Laurent,5636
chelsea.verdugo@campbell.com,Chelsea,Verdugo,6033
ria.venier@murillo-estevez.com,Ria,Venier,3599
carly.summers@yahoo.co.uk,Carly,Summers,5566
pasquale.tomasini@hotmail.co.uk,Pasquale,Tomasini,1873
stefani.ughi@hotmail.it,Stefani,Ughi,3904
jose.huang@gmx.de,Jose,Huang,4453
petros.gaona@googlemail.com,Petros,Gaona,5481
maximilian.siering@gaito-fornaciari.org,Maximilian,Siering,2987
ermenegildo.holzapfel@aol.de,Ermenegildo,Holzapfel,2431
damien.leger@dixon.biz,Damien,Leger,4158
zeferino.barrera@zedillo-velazquez.com,Zeferino,Barrera,3753
alfred.pohl@fechner.net,Alfred,Pohl,4391
marissa.gaito@reed-campbell.edu,Marissa,Gaito,2026
ariana.houston@hotmail.it,Ariana,Houston,4547
victor.jacobs@young.com,Victor,Jacobs,2798
henriette.lang@mimun.it,Henriette,Lang,4732
wilfriede.baca@caraballo.com,Wilfriede,Baca,5126
lucia.riviere@samaniego.biz,Lucia,Riviere,5151
gordon.vigorelli@solano.com,Gordon,Vigorelli,2134
diethard.salgado@gmail.com,Diethard,Salgado,5786
sue.corrales@cardenas-serna.org,Sue,Corrales,5515
arthur.salazar@yahoo.com.au,Arthur,Salazar,4530
fortunata.schneider@tiscali.it,Fortunata,Schneider,4088
gretchen.serna@pichon.org,Gretchen,Serna,3667
egon.caron@hotmail.com,Egon,Caron,3286
roberta.finzi@knight-davies.co.uk,Roberta,Finzi,4804
editha.savage@davies.co.uk,Editha,Savage,5768
allan.emanuelli@fernandes.org,Allan,Emanuelli,6098
laurence.lucero@martin.org,Laurence,Lucero,2508
istvan.draghi@ifrance.com,Istvan,Draghi,5779
luigi.bonnet@carriera-federico.it,Luigi,Bonnet,1717
yuridia.fantozzi@mcdonald.com,Yuridia,Fantozzi,3368
eraldo.schmiedt@hotmail.de,Eraldo,Schmiedt,4265
antoinette.cox@bustamante.com,Antoinette,Cox,4455
cameron.ocampo@hotmail.com.au,Cameron,Ocampo,2940
lynn.lawson@leclercq.com,Lynn,Lawson,6144
natalia.seifert@ifrance.com,Natalia,Seifert,3657
nuray.anguillara@yahoo.co.uk,Nuray,Anguillara,1537
beate.morgan@gmail.com,Beate,Morgan,2116
mario.rees@gmx.de,Mario,Rees,5102
galasso.junken@yahoo.co.uk,Galasso,Junken,5815
luca.moses@franke.de,Luca,Moses,4250
aurelio.gertz@hewitt.net,Aurelio,Gertz,4533
uberto.steele@outlook.com,Uberto,Steele,3329
annie.hunter@allen.co.uk,Annie,Hunter,3606
jo.mccarty@hotmail.com,Jo,Mccarty,4749
eitel.lombard@thomas.net,Eitel,Lombard,2222
susan.vigliotti@yahoo.co.uk,Susan,Vigliotti,1939
jacqueline.germano@valette.fr,Jacqueline,Germano,2456
fidel.ruppert@yahoo.co.uk,Fidel,Ruppert,2794
margaret.eigenwillig@yahoo.com,Margaret,Eigenwillig,2648
yvette.harding@yahoo.co.uk,Yvette,Harding,2545
federigo.karge@bohlander.com,Federigo,Karge,3273
guenther.armenta@free.fr,Guenther,Armenta,6155
coriolano.higgins@murphy.org.au,Coriolano,Higgins,6064
felix.rubio@ebert.de,Felix,Rubio,1729
melanie.leveque@fleury.net,Melanie,Leveque,4969
abbie.galeati@ubaldi.it,Abbie,Galeati,3402
vittorio.caccioppoli@yahoo.com,Vittorio,Caccioppoli,2810
biagio.valenzuela@robinson.info,Biagio,Valenzuela,2217
dario.green@live.com,Dario,Green,5140
alwina.textor@poste.it,Alwina,Textor,4497
diether.baeza@grupo.biz,Diether,Baeza,5100
sole.trevino@hotmail.com,Sole,Trevino,3390
darren.bernardi@brooks-martin.com,Darren,Bernardi,1926
martina.heser@morellato.it,Martina,Heser,3264
bethan.giacometti@gmail.com,Bethan,Giacometti,2573
ethan.duhamel@sfr.fr,Ethan,Duhamel,3628
corrado.warren@hotmail.com.au,Corrado,Warren,3826
damian.pulido@yahoo.de,Damian,Pulido,5983
dino.osborne@despacho.com,Dino,Osborne,5678
nicolaus.bernetti@aol.de,Nicolaus,Bernetti,2093
gianna.carroll@perez.com,Gianna,Carroll,5333
grit.knight@web.de,Grit,Knight,5139
erin.weinhold@hotmail.fr,Erin,Weinhold,3173
craig.jordan@gmail.com,Craig,Jordan,3333
homero.respighi@gmail.com,Homero,Respighi,2262
fanny.pertile@gmail.com,Fanny,Pertile,1531
fridolin.comboni@graf.com,Fridolin,Comboni,4881
hugh.cantu@libero.it,Hugh,Cantu,3928
alphons.simmons@hotmail.com,Alphons,Simmons,1803
ludovico.cafarchia@gmail.com,Ludovico,Cafarchia,2321
nico.kaiser@almonte.com,Nico,Kaiser,6234
kirsty.lamy@alonzi.it,Kirsty,Lamy,1422
joshua.scheibe@turci.org,Joshua,Scheibe,2660
carin.pineau@yahoo.com,Carin,Pineau,5361
ellie.galarza@pareto-cattaneo.net,Ellie,Galarza,3420
marion.lira@ifrance.com,Marion,Lira,4337
aurelia.angiolello@lord.com,Aurelia,Angiolello,2338
maura.ravaglioli@yahoo.com,Maura,Ravaglioli,4140
brunhilde.fletcher@schomber.de,Brunhilde,Fletcher,2373
ottfried.marques@tyler-watson.info,Ottfried,Marques,1344
christelle.blasi@morris-chan.com,Christelle,Blasi,2141
augusto.vercelloni@club-internet.fr,Augusto,Vercelloni,3415
michela.pruvost@holt.co.uk,Michela,Pruvost,5696
guarino.escalante@hotmail.com,Guarino,Escalante,1798
gabriela.padilla@pearson-russell.com,Gabriela,Padilla,1657
agathe.dias@jackson.com,Agathe,Dias,3651
werner.kallert@gmail.com,Werner,Kallert,3574
lore.delaunay@yahoo.com,Lore,Delaunay,6063
enzio.campos@tim.it,Enzio,Campos,2404
walther.duarte@web.de,Walther,Duarte,2705
adelgunde.trevisan@gmail.com,Adelgunde,Trevisan,5059
thierry.schwartz@travaglio.net,Thierry,Schwartz,5466
katie.andersen@haney.com.au,Katie,Andersen,5821
kathy.zamorani@hotmail.com,Kathy,Zamorani,5385
giuseppina.tanguy@wanadoo.fr,Giuseppina,Tanguy,3506
jack.klapp@hotmail.com.au,Jack,Klapp,5427
tom.leconte@woods-johnson.com,Tom,Leconte,6142
bonnie.cignaroli@yahoo.com,Bonnie,Cignaroli,2873
danny.farrell@hotmail.com,Danny,Farrell,3916
fiorenzo.bauer@gmail.com,Fiorenzo,Bauer,1687
randy.alfieri@verri.org,Randy,Alfieri,1542
tim.bradley@schlosser.de,Tim,Bradley,3087
yves.mendez@gmail.com,Yves,Mendez,3857
raffaella.esquivel@gmail.com,Raffaella,Esquivel,5921
lawrence.vasari@castillo.edu,Lawrence,Vasari,3144
sam.adams@yahoo.com,Sam,Adams,2676
mirco.nicolini@blin.net,Mirco,Nicolini,3646
graham.bajardi@yahoo.com,Graham,Bajardi,1321
luc.quinn@walker.com,Luc,Quinn,1399
stella.ullrich@hotmail.com.au,Stella,Ullrich,3169
calcedonio.remy@edwards-benton.com,Calcedonio,Remy,2058
nanni.almaraz@martin.com,Nanni,Almaraz,1300
pascual.corradi@lopez.net.au,Pascual,Corradi,2075
kristi.grant@yahoo.co.uk,Kristi,Grant,2984
manuel.gracia@trussardi.eu,Manuel,Gracia,4768
gionata.hussain@yahoo.com,Gionata,Hussain,3682
maria.nguyen@hernadez.com,Maria,Nguyen,5901
leon.baker@hotmail.com,Leon,Baker,3540
gianmarco.alcaraz@zacchia.net,Gianmarco,Alcaraz,2225
derrick.little@small.org,Derrick,Little,1485
terry.ramirez@hotmail.co.uk,Terry,Ramirez,5343
katarina.clarke@hotmail.com.au,Katarina,Clarke,5594
leila.washington@gmail.com,Leila,Washington,2482
mirko.townsend@schmitt.com,Mirko,Townsend,2706
randall.connolly@jovinelli-castelli.com,Randall,Connolly,4861
pia.burgess@proyectos.org,Pia,Burgess,2961
justine.mancini@tiscali.it,Justine,Mancini,3043
reynaldo.wagenknecht@faure.com,Reynaldo,Wagenknecht,6103
toni.magrassi@gmail.com,Toni,Magrassi,4708
patrizio.cisneros@martinez.edu.au,Patrizio,Cisneros,4395
durante.lindner@picard.fr,Durante,Lindner,4912
rosl.lamborghini@hiller.net,Rosl,Lamborghini,2030
ugo.harrison@morley-chapman.co.uk,Ugo,Harrison,5235
isidor.carpenter@chauvin.com,Isidor,Carpenter,5001
marie.zoppetto@kallert.de,Marie,Zoppetto,4093
branko.chambers@ifrance.com,Branko,Chambers,2576
alan.pineda@proyectos.info,Alan,Pineda,6122
carmen.oestrovsky@gmail.com,Carmen,Oestrovsky,2813
shane.fernandez@hotmail.de,Shane,Fernandez,3737
debbie.guilbert@berg.edu,Debbie,Guilbert,2803
vito.dossi@hotmail.co.uk,Vito,Dossi,5508
evan.schacht@price.com,Evan,Schacht,3850
mandy.weston@free.fr,Mandy,Weston,4220
paulo.zito@nelson.biz,Paulo,Zito,4532
alberto.girschner@laboratorios.com,Alberto,Girschner,6013
giacomo.bouvet@gmail.com,Giacomo,Bouvet,3396
ehrentraud.puga@laboratorios.com,Ehrentraud,Puga,4401
cristian.hale@hotmail.co.uk,Cristian,Hale,2981
lilija.charles@gmail.com,Lilija,Charles,4467
albert.legendre@lee.com,Albert,Legendre,1377
marisa.renaud@smith.org,Marisa,Renaud,5036
sharon.diallo@gmail.com,Sharon,Diallo,5761
eduardo.delattre@lynch.net.au,Eduardo,Delattre,3699
bernadette.wang@gmail.com,Bernadette,Wang,4519
dina.gibbons@brewer.net,Dina,Gibbons,5395
clara.armstrong@vodafone.it,Clara,Armstrong,3057
elliott.herrmann@hotmail.com.au,Elliott,Herrmann,2741
graziella.vidal@hotmail.com,Graziella,Vidal,1675
francisca.becerra@young.com.au,Francisca,Becerra,2712
edeltrud.boyer@outlook.com,Edeltrud,Boyer,4527
julian.noble@hill.org.au,Julian,Noble,1722
christophe.bohnbach@ifrance.com,Christophe,Bohnbach,4330
ippazio.angulo@yahoo.com,Ippazio,Angulo,5219
grace.kroker@hotmail.com,Grace,Kroker,4997
jared.ferguson@roberts.com,Jared,Ferguson,2239
virginie.mclean@yahoo.com,Virginie,McLean,4587
mason.potter@gmail.com,Mason,Potter,4113
aaron.anaya@hotmail.com.au,Aaron,Anaya,4762
leah.ornelas@gmail.com,Leah,Ornelas,5242
harald.roy@web.de,Harald,Roy,5765
micaela.martel@hotmail.com,Micaela,Martel,2185
vincentio.sanders@voila.fr,Vincentio,Sanders,5500
bettina.norbiato@allen-lutz.org,Bettina,Norbiato,3494
julio.renner@industrias.net,Julio,Renner,3924
jelena.stiffel@trupp.de,Jelena,Stiffel,3521
guadalupe.munoz@murray-hamilton.com.au,Guadalupe,Munoz,5262
whitney.noack@laboratorios.org,Whitney,Noack,3684
gelsomina.migliaccio@junk.com,Gelsomina,Migliaccio,5784
evangelista.pereira@thompson-peterson.biz,Evangelista,Pereira,1498
gareth.comolli@tiscali.fr,Gareth,Comolli,6073
michelangelo.hess@bouygtel.fr,Michelangelo,Hess,4939
